,PC1,PC2
ppg_infra_n_peaks,0.7071067811865406,0.7071067811865545
ppg_infra_peak_quality,0.7071067811865545,-0.7071067811865406
