PC,explained_variance_ratio,cumulative_explained_variance
PC1,0.7275027306131053,0.7275027306131053
PC2,0.2724972693868947,1.0
