,PC1,PC2
ppg_infra_peak_quality,0.7071067811865529,-0.7071067811865421
ppg_infra_n_peaks,0.7071067811865421,0.7071067811865529
