PC,explained_variance_ratio,cumulative_explained_variance
PC1,0.7275027306131059,0.7275027306131059
PC2,0.27249726938689417,1.0
