PC,explained_variance_ratio,cumulative_explained_variance
PC1,0.8345600537913044,0.8345600537913044
PC2,0.16543994620869568,1.0
