PC,explained_variance_ratio,cumulative_explained_variance
PC1,0.24247658632449418,0.24247658632449418
PC2,0.17168351006694638,0.4141600963914406
PC3,0.14583963289285387,0.5599997292842944
PC4,0.1134438377384057,0.6734435670227001
PC5,0.09777360996277783,0.771217176985478
PC6,0.09029901783359873,0.8615161948190767
PC7,0.05362792592709373,0.9151441207461705
PC8,0.04449639798607647,0.959640518732247
PC9,0.02666157226243155,0.9863020909946786
PC10,0.013697909005321602,1.0000000000000002
