PC,explained_variance_ratio,cumulative_explained_variance
PC1,0.24123645674371952,0.24123645674371952
PC2,0.15366107322256173,0.39489752996628125
PC3,0.1243396346778562,0.5192371646441375
PC4,0.11577030356173905,0.6350074682058765
PC5,0.1034709992599269,0.7384784674658034
PC6,0.08103779152071311,0.8195162589865165
PC7,0.07106539272329479,0.8905816517098113
PC8,0.05269470639940328,0.9432763581092146
PC9,0.03535541620045325,0.9786317743096679
PC10,0.02136822569033209,1.0
