PC,explained_variance_ratio,cumulative_explained_variance
PC1,0.24182688282502526,0.24182688282502526
PC2,0.1757785469533874,0.41760542977841264
PC3,0.14968363797180553,0.5672890677502181
PC4,0.11415650510780935,0.6814455728580275
PC5,0.09843725439615708,0.7798828272541847
PC6,0.09354766849305898,0.8734304957472436
PC7,0.049567574818704205,0.9229980705659478
PC8,0.03652012724985247,0.9595181978158003
PC9,0.027083047378455533,0.9866012451942558
PC10,0.013398754805744179,1.0
