PC,explained_variance_ratio,cumulative_explained_variance
PC1,0.24182688282502535,0.24182688282502535
PC2,0.1757785469533872,0.41760542977841253
PC3,0.1496836379718056,0.5672890677502181
PC4,0.11415650510780928,0.6814455728580274
PC5,0.09843725439615746,0.7798828272541849
PC6,0.09354766849305907,0.873430495747244
PC7,0.049567574818704094,0.9229980705659481
PC8,0.03652012724985232,0.9595181978158004
PC9,0.027083047378455394,0.9866012451942557
PC10,0.013398754805744137,0.9999999999999999
