PC,explained_variance_ratio,cumulative_explained_variance
PC1,0.8749626470706248,0.8749626470706248
PC2,0.12503735292937526,1.0
