PC,explained_variance_ratio,cumulative_explained_variance
PC1,0.8749626470706245,0.8749626470706245
PC2,0.12503735292937532,0.9999999999999999
