y_test,y_pred,residual,abs_error
-0.0004501864187045,-0.03225944951392072,0.03180926309521622,0.03180926309521622
-0.1700034050030459,-0.0759269554939798,-0.09407644950906609,0.09407644950906609
0.0223931685774259,0.005360195981587164,0.017032972595838736,0.017032972595838736
-0.0162018330995394,-0.049573175829010385,0.03337134272947098,0.03337134272947098
-0.0527911861306175,0.015601672331267254,-0.06839285846188475,0.06839285846188475
-0.1691947120077259,-0.09588372046940122,-0.07331099153832468,0.07331099153832468
-0.1054718250582013,-0.030470328702275506,-0.07500149635592579,0.07500149635592579
-0.1921202508553337,-0.09966848981914656,-0.09245176103618716,0.09245176103618716
