PC,explained_variance_ratio,cumulative_explained_variance
PC1,0.33272641335276676,0.33272641335276676
PC2,0.18541287840195556,0.5181392917547223
PC3,0.11751366534829764,0.6356529571030199
PC4,0.09874887294952824,0.7344018300525482
PC5,0.08087413155372856,0.8152759616062768
PC6,0.07420774421530939,0.8894837058215862
PC7,0.051362832481482754,0.940846538303069
PC8,0.0265795280840777,0.9674260663871467
PC9,0.01730523878769714,0.9847313051748439
PC10,0.015268694825156429,1.0000000000000002
