,PC1,PC2
ppg_infra_peak_quality,0.7071067811865558,-0.7071067811865392
ppg_infra_n_peaks,0.7071067811865392,0.7071067811865558
