PC,explained_variance_ratio,cumulative_explained_variance
PC1,0.7809638313536882,0.7809638313536882
PC2,0.21903616864631176,1.0
