,PC1,PC2
ppg_infra_n_peaks,0.707106781186546,0.707106781186549
ppg_infra_peak_quality,0.707106781186549,-0.707106781186546
