PC,explained_variance_ratio,cumulative_explained_variance
PC1,0.7809638313536873,0.7809638313536873
PC2,0.21903616864631265,1.0
