,PC1,PC2
ppg_green_peak_quality,-0.7071067811865477,-0.7071067811865474
ppg_green_n_peaks,-0.7071067811865474,0.7071067811865477
