PC,explained_variance_ratio,cumulative_explained_variance
PC1,0.8530238563018852,0.8530238563018852
PC2,0.1469761436981149,1.0
