,PC1,PC2
ppg_green_n_peaks,-0.7071067811865467,0.7071067811865485
ppg_green_peak_quality,-0.7071067811865485,-0.7071067811865467
