PC,explained_variance_ratio,cumulative_explained_variance
PC1,0.8530238563018854,0.8530238563018854
PC2,0.14697614369811468,1.0
