PC,explained_variance_ratio,cumulative_explained_variance
PC1,0.8973337857931,0.8973337857931
PC2,0.10266621420690011,1.0
