PC,explained_variance_ratio,cumulative_explained_variance
PC1,0.762438777433054,0.762438777433054
PC2,0.23756122256694592,0.9999999999999999
