,PC1,PC2
ppg_green_n_peaks,0.707106781186549,-0.7071067811865461
ppg_green_peak_quality,0.7071067811865461,0.707106781186549
