PC,explained_variance_ratio,cumulative_explained_variance
PC1,0.8973337857931003,0.8973337857931003
PC2,0.10266621420689977,1.0
