feature,pca_energy_score
ppg_infra_sdnn,0.27462665619292725
ppg_infra_rmssd,0.2672326522500568
ppg_infra_mean_ibi,0.2637250379950353
ppg_infra_n_peaks,0.25301992441433424
ppg_infra_pnn50,0.24680006534541268
ppg_infra_hr_median,0.2460021194351298
ppg_infra_cv_ibi,0.24376037756628705
ppg_infra_hr_range,0.2341330791183831
ppg_infra_pnn20,0.22205174164907124
ppg_infra_hr_std,0.21893788080782645
ppg_infra_peak_quality,0.18991174187020238
