PC,explained_variance_ratio,cumulative_explained_variance
PC1,0.6990544224257896,0.6990544224257896
PC2,0.24406420142891885,0.9431186238547085
PC3,0.042058602336741586,0.9851772261914501
PC4,0.01396529010590148,0.9991425162973516
PC5,0.0008574837026485464,1.0000000000000002
