,PC1,PC2
ppg_red_n_peaks,0.7071067811865748,0.7071067811865203
ppg_red_peak_quality,0.7071067811865203,-0.7071067811865748
