PC,explained_variance_ratio,cumulative_explained_variance
PC1,0.8000825765587375,0.8000825765587375
PC2,0.19991742344126248,1.0
