feature,pca_energy_score
ppg_red_mean_ibi,0.24780822819841844
ppg_red_cv_ibi,0.24535629615520718
ppg_red_hr_max,0.2424713362748609
ppg_red_sdnn,0.23987127182067633
ppg_red_rmssd,0.23158131269331858
ppg_red_hr_min,0.2248764617416394
ppg_red_n_peaks,0.21945987187171828
ppg_red_pnn50,0.21195813627317453
ppg_red_sdsd,0.2076204217903375
ppg_red_pnn20,0.20439649123653347
ppg_red_hr_std,0.19010786953137215
ppg_red_hr_range,0.1418994259742996
ppg_red_peak_quality,0.12130380243372399
