feature,pca_energy_score
eda_scl_slope,0.4122900345818633
eda_scr_amp_sum,0.40666469295161206
eda_phasic_energy,0.3765666092588436
eda_scl_min,0.35763687664045607
eda_scr_count,0.34918372504369033
