feature,nan_ratio,variance
eda_cc_mean,0.0,865.5940443402429
eda_cc_std,0.0,0.02432037719177062
eda_stress_skin_skew,0.0,0.05312144514611676
eda_stress_skin_slope,0.0,0.0008764783315996429
eda_stress_skin_mean_abs_diff,0.0,0.0006229223245206182
eda_stress_skin_rms,0.0,3210.446735853714
eda_stress_skin_mad,0.0,3.927926346904071
eda_stress_skin_iqr,0.0,15.750168610222726
eda_stress_skin_median,0.0,3205.380973387822
eda_stress_skin_range,0.0,63.36461288816819
eda_stress_skin_max,0.0,3593.001706579514
eda_stress_skin_min,0.0,2855.9826316180206
eda_stress_skin_std,0.0,5.316164379358753
eda_stress_skin_mean,0.0,3206.7038275048326
eda_cc_kurtosis,0.0,0.041456345925565734
eda_cc_skew,0.0,0.005921218985652435
eda_cc_slope,0.0,1.1981591412581091e-05
eda_cc_mean_abs_diff,0.0,2.851117410541033e-06
eda_cc_rms,0.0,865.5999020055307
eda_cc_mad,0.0,0.018321341528935265
eda_cc_iqr,0.0,0.0726037655685507
eda_cc_median,0.0,865.6259520086205
eda_cc_range,0.0,0.29013255881406697
eda_cc_max,0.0,875.7269041850792
eda_cc_min,0.0,855.4918636247276
eda_stress_skin_kurtosis,0.0,0.05335978745317904
