,PC1,PC2
ppg_green_n_peaks,0.7071067811865498,0.7071067811865454
ppg_green_peak_quality,0.7071067811865454,-0.7071067811865498
