PC,explained_variance_ratio,cumulative_explained_variance
PC1,0.8209485387506862,0.8209485387506862
PC2,0.17905146124931395,1.0000000000000002
