,PC1,PC2
ppg_green_n_peaks,0.7071067811865475,0.7071067811865475
ppg_green_peak_quality,0.7071067811865475,-0.7071067811865475
