PC,explained_variance_ratio,cumulative_explained_variance
PC1,0.9132525021043302,0.9132525021043302
PC2,0.0867474978956698,1.0
