PC,explained_variance_ratio,cumulative_explained_variance
PC1,0.23591233762096098,0.23591233762096098
PC2,0.16807322027185648,0.4039855578928174
PC3,0.1257931145150807,0.5297786724078981
PC4,0.10871413821606986,0.638492810623968
PC5,0.10147888318944885,0.7399716938134169
PC6,0.08973125136748962,0.8297029451809065
PC7,0.07122833560517755,0.9009312807860841
PC8,0.051794256604899114,0.9527255373909832
PC9,0.026566804780216426,0.9792923421711996
PC10,0.020707657828800508,1.0000000000000002
