PC,explained_variance_ratio,cumulative_explained_variance
PC1,0.23591233762096,0.23591233762096
PC2,0.16807322027185614,0.40398555789281615
PC3,0.12579311451508066,0.5297786724078968
PC4,0.10871413821606969,0.6384928106239665
PC5,0.10147888318944881,0.7399716938134153
PC6,0.08973125136748947,0.8297029451809048
PC7,0.07122833560517859,0.9009312807860834
PC8,0.051794256604899606,0.952725537390983
PC9,0.02656680478021626,0.9792923421711992
PC10,0.02070765782880072,0.9999999999999999
