feature,pca_energy_score
eda_stress_skin_slope,0.22939493439825417
eda_cc_slope,0.22339565588613564
eda_cc_max,0.21335560887324545
eda_stress_skin_skew,0.20409277850645569
eda_stress_skin_kurtosis,0.20268057349790006
eda_stress_skin_std,0.20033298566968827
eda_cc_kurtosis,0.19549731723961386
eda_stress_skin_min,0.18424026136284627
eda_cc_skew,0.17482489653261302
eda_cc_mean_abs_diff,0.14788890505263114
