,PC1,PC2
ppg_infra_n_peaks,0.7071067811865834,-0.7071067811865116
ppg_infra_peak_quality,0.7071067811865116,0.7071067811865834
