PC,explained_variance_ratio,cumulative_explained_variance
PC1,0.6040006013519799,0.6040006013519799
PC2,0.39599939864802003,0.9999999999999999
