PC,explained_variance_ratio,cumulative_explained_variance
PC1,0.3377058292530349,0.3377058292530349
PC2,0.15382238570511006,0.4915282149581449
PC3,0.13512004651874854,0.6266482614768935
PC4,0.09347894587750076,0.7201272073543942
PC5,0.08163070861819768,0.8017579159725918
PC6,0.07930489259522783,0.8810628085678196
PC7,0.058424312465501956,0.9394871210333215
PC8,0.027981802736057874,0.9674689237693794
PC9,0.016664083885810997,0.9841330076551904
PC10,0.01586699234480943,0.9999999999999999
