PC,explained_variance_ratio,cumulative_explained_variance
PC1,0.7719385930181099,0.7719385930181099
PC2,0.2280614069818901,1.0
