PC,explained_variance_ratio,cumulative_explained_variance
PC1,0.77193859301811,0.77193859301811
PC2,0.22806140698189004,1.0
