,PC1,PC2
ppg_red_peak_quality,0.7071067811865457,-0.7071067811865493
ppg_red_n_peaks,0.7071067811865493,0.7071067811865457
