,PC1,PC2
ppg_red_n_peaks,0.7071067811865467,0.7071067811865482
ppg_red_peak_quality,0.7071067811865482,-0.7071067811865467
