feature,reason,value
eda_scr_rate,|corr|>=0.95,0.9999999999999984
eda_scl_auc,|corr|>=0.95,0.9999999999999668
eda_scl_min,|corr|>=0.95,0.9999971767399484
eda_scl_mean,|corr|>=0.95,0.9999971641771135
eda_phasic_mean,|corr|>=0.95,0.9999952440116411
eda_scl_std,|corr|>=0.95,0.9999864507318761
eda_phasic_std,|corr|>=0.95,0.9980275347372041
eda_scl_range,|corr|>=0.95,0.9850348614445215
eda_phasic_energy,|corr|>=0.95,0.9667439950280121
eda_phasic_max,|corr|>=0.95,0.9596883492324942
