PC,explained_variance_ratio,cumulative_explained_variance
PC1,0.6890146410332442,0.6890146410332442
PC2,0.23327056929640547,0.9222852103296496
PC3,0.050614803876903765,0.9729000142065534
PC4,0.02709998579344654,0.9999999999999999
