feature,pca_energy_score
eda_scl_slope,0.44700972871049993
eda_phasic_energy,0.40765007903888884
eda_scr_rate,0.3979400281079042
eda_scl_min,0.378151292159055
