PC,explained_variance_ratio,cumulative_explained_variance
PC1,0.6890146410332434,0.6890146410332434
PC2,0.2332705692964061,0.9222852103296495
PC3,0.0506148038769038,0.9729000142065533
PC4,0.027099985793446565,0.9999999999999998
