,PC1,PC2,PC3,PC4,PC5
eda_scl_slope,0.45723201266299063,-0.4069147833216634,-0.45964042822808754,-0.53731535628331,0.3540933921310514
eda_phasic_auc,0.31828832381214583,0.6771645617170348,0.4272115670233915,-0.4127480938749569,0.29541494086020526
eda_scl_max,0.26085390004886466,-0.5915422100181171,0.7622729741602694,-0.002605361064998879,-0.03108346111288634
eda_scr_amp_sum,0.5617302314076589,0.13360522023572338,-0.12157603429190049,-0.0501957527846081,-0.8057967774424906
eda_scr_count,0.5532140810509077,0.08997763256223652,-0.10188294504199435,0.7337607357993728,0.3702340533692541
