,PC1,PC2,PC3,PC4
eda_scl_min,0.22411857540301575,0.9591021835874244,-0.006636060474857601,-0.1727710285277346
eda_scl_slope,0.5594717771968193,-0.26375158753449496,0.24161580180666975,-0.7476952821240666
eda_scr_rate,0.5709363849610085,-0.0195331103487258,0.5478651753319124,0.61114143337389
eda_phasic_energy,0.5574888689536427,-0.10087893293930444,-0.8008879551330679,0.1939280413055029
