PC,explained_variance_ratio,cumulative_explained_variance
PC1,0.8669302101387912,0.8669302101387912
PC2,0.13306978986120868,0.9999999999999999
