,PC1,PC2
ppg_green_peak_quality,0.707106781186551,-0.707106781186544
ppg_green_n_peaks,0.707106781186544,0.707106781186551
