PC,explained_variance_ratio,cumulative_explained_variance
PC1,0.8669302101387923,0.8669302101387923
PC2,0.13306978986120774,1.0
